id,target
boostcamp-sts-v1-test-000,3.4
boostcamp-sts-v1-test-001,4.4
boostcamp-sts-v1-test-002,1.1
boostcamp-sts-v1-test-003,-0.1
boostcamp-sts-v1-test-004,3.0
boostcamp-sts-v1-test-005,3.0
boostcamp-sts-v1-test-006,4.3
boostcamp-sts-v1-test-007,1.6
boostcamp-sts-v1-test-008,0.2
boostcamp-sts-v1-test-009,3.7
boostcamp-sts-v1-test-010,1.2
boostcamp-sts-v1-test-011,2.3
boostcamp-sts-v1-test-012,3.3
boostcamp-sts-v1-test-013,2.3
boostcamp-sts-v1-test-014,1.6
boostcamp-sts-v1-test-015,4.5
boostcamp-sts-v1-test-016,5.1
boostcamp-sts-v1-test-017,1.7
boostcamp-sts-v1-test-018,5.1
boostcamp-sts-v1-test-019,4.4
boostcamp-sts-v1-test-020,2.9
boostcamp-sts-v1-test-021,2.1
boostcamp-sts-v1-test-022,1.8
boostcamp-sts-v1-test-023,0.4
boostcamp-sts-v1-test-024,1.2
boostcamp-sts-v1-test-025,2.3
boostcamp-sts-v1-test-026,1.6
boostcamp-sts-v1-test-027,1.6
boostcamp-sts-v1-test-028,3.6
boostcamp-sts-v1-test-029,3.6
boostcamp-sts-v1-test-030,4.1
boostcamp-sts-v1-test-031,0.3
boostcamp-sts-v1-test-032,2.8
boostcamp-sts-v1-test-033,3.1
boostcamp-sts-v1-test-034,2.9
boostcamp-sts-v1-test-035,0.5
boostcamp-sts-v1-test-036,3.6
boostcamp-sts-v1-test-037,0.3
boostcamp-sts-v1-test-038,1.7
boostcamp-sts-v1-test-039,2.8
boostcamp-sts-v1-test-040,0.3
boostcamp-sts-v1-test-041,4.0
boostcamp-sts-v1-test-042,0.3
boostcamp-sts-v1-test-043,1.4
boostcamp-sts-v1-test-044,3.1
boostcamp-sts-v1-test-045,5.1
boostcamp-sts-v1-test-046,1.9
boostcamp-sts-v1-test-047,1.0
boostcamp-sts-v1-test-048,0.3
boostcamp-sts-v1-test-049,3.7
boostcamp-sts-v1-test-050,0.0
boostcamp-sts-v1-test-051,1.4
boostcamp-sts-v1-test-052,2.7
boostcamp-sts-v1-test-053,2.9
boostcamp-sts-v1-test-054,4.1
boostcamp-sts-v1-test-055,1.3
boostcamp-sts-v1-test-056,3.9
boostcamp-sts-v1-test-057,1.7
boostcamp-sts-v1-test-058,2.0
boostcamp-sts-v1-test-059,4.0
boostcamp-sts-v1-test-060,4.3
boostcamp-sts-v1-test-061,3.4
boostcamp-sts-v1-test-062,1.4
boostcamp-sts-v1-test-063,1.8
boostcamp-sts-v1-test-064,1.9
boostcamp-sts-v1-test-065,5.1
boostcamp-sts-v1-test-066,2.8
boostcamp-sts-v1-test-067,0.6
boostcamp-sts-v1-test-068,2.8
boostcamp-sts-v1-test-069,2.6
boostcamp-sts-v1-test-070,0.5
boostcamp-sts-v1-test-071,3.0
boostcamp-sts-v1-test-072,5.2
boostcamp-sts-v1-test-073,4.8
boostcamp-sts-v1-test-074,0.6
boostcamp-sts-v1-test-075,1.7
boostcamp-sts-v1-test-076,3.0
boostcamp-sts-v1-test-077,3.0
boostcamp-sts-v1-test-078,2.3
boostcamp-sts-v1-test-079,3.7
boostcamp-sts-v1-test-080,1.0
boostcamp-sts-v1-test-081,3.7
boostcamp-sts-v1-test-082,1.5
boostcamp-sts-v1-test-083,1.8
boostcamp-sts-v1-test-084,1.3
boostcamp-sts-v1-test-085,5.1
boostcamp-sts-v1-test-086,4.1
boostcamp-sts-v1-test-087,2.1
boostcamp-sts-v1-test-088,4.3
boostcamp-sts-v1-test-089,3.8
boostcamp-sts-v1-test-090,4.6
boostcamp-sts-v1-test-091,1.2
boostcamp-sts-v1-test-092,0.6
boostcamp-sts-v1-test-093,2.3
boostcamp-sts-v1-test-094,4.7
boostcamp-sts-v1-test-095,2.1
boostcamp-sts-v1-test-096,3.0
boostcamp-sts-v1-test-097,3.3
boostcamp-sts-v1-test-098,0.2
boostcamp-sts-v1-test-099,3.6
boostcamp-sts-v1-test-100,2.0
boostcamp-sts-v1-test-101,5.1
boostcamp-sts-v1-test-102,5.2
boostcamp-sts-v1-test-103,4.0
boostcamp-sts-v1-test-104,4.3
boostcamp-sts-v1-test-105,0.5
boostcamp-sts-v1-test-106,3.8
boostcamp-sts-v1-test-107,3.1
boostcamp-sts-v1-test-108,2.9
boostcamp-sts-v1-test-109,3.9
boostcamp-sts-v1-test-110,3.4
boostcamp-sts-v1-test-111,0.2
boostcamp-sts-v1-test-112,0.5
boostcamp-sts-v1-test-113,3.0
boostcamp-sts-v1-test-114,1.6
boostcamp-sts-v1-test-115,3.0
boostcamp-sts-v1-test-116,0.9
boostcamp-sts-v1-test-117,5.1
boostcamp-sts-v1-test-118,3.1
boostcamp-sts-v1-test-119,3.4
boostcamp-sts-v1-test-120,4.2
boostcamp-sts-v1-test-121,1.8
boostcamp-sts-v1-test-122,2.3
boostcamp-sts-v1-test-123,3.2
boostcamp-sts-v1-test-124,3.4
boostcamp-sts-v1-test-125,1.7
boostcamp-sts-v1-test-126,4.1
boostcamp-sts-v1-test-127,4.7
boostcamp-sts-v1-test-128,4.2
boostcamp-sts-v1-test-129,5.2
boostcamp-sts-v1-test-130,3.0
boostcamp-sts-v1-test-131,4.0
boostcamp-sts-v1-test-132,4.9
boostcamp-sts-v1-test-133,1.9
boostcamp-sts-v1-test-134,5.1
boostcamp-sts-v1-test-135,4.1
boostcamp-sts-v1-test-136,1.3
boostcamp-sts-v1-test-137,3.7
boostcamp-sts-v1-test-138,2.3
boostcamp-sts-v1-test-139,2.4
boostcamp-sts-v1-test-140,4.3
boostcamp-sts-v1-test-141,1.5
boostcamp-sts-v1-test-142,2.1
boostcamp-sts-v1-test-143,5.0
boostcamp-sts-v1-test-144,0.7
boostcamp-sts-v1-test-145,0.3
boostcamp-sts-v1-test-146,0.6
boostcamp-sts-v1-test-147,0.6
boostcamp-sts-v1-test-148,0.5
boostcamp-sts-v1-test-149,4.0
boostcamp-sts-v1-test-150,1.0
boostcamp-sts-v1-test-151,5.2
boostcamp-sts-v1-test-152,1.9
boostcamp-sts-v1-test-153,2.4
boostcamp-sts-v1-test-154,1.0
boostcamp-sts-v1-test-155,0.4
boostcamp-sts-v1-test-156,4.6
boostcamp-sts-v1-test-157,4.7
boostcamp-sts-v1-test-158,4.5
boostcamp-sts-v1-test-159,1.1
boostcamp-sts-v1-test-160,5.3
boostcamp-sts-v1-test-161,0.5
boostcamp-sts-v1-test-162,3.5
boostcamp-sts-v1-test-163,1.6
boostcamp-sts-v1-test-164,3.9
boostcamp-sts-v1-test-165,5.1
boostcamp-sts-v1-test-166,0.5
boostcamp-sts-v1-test-167,4.1
boostcamp-sts-v1-test-168,1.1
boostcamp-sts-v1-test-169,4.4
boostcamp-sts-v1-test-170,4.0
boostcamp-sts-v1-test-171,3.5
boostcamp-sts-v1-test-172,4.4
boostcamp-sts-v1-test-173,2.2
boostcamp-sts-v1-test-174,4.3
boostcamp-sts-v1-test-175,1.6
boostcamp-sts-v1-test-176,0.3
boostcamp-sts-v1-test-177,5.0
boostcamp-sts-v1-test-178,2.3
boostcamp-sts-v1-test-179,4.2
boostcamp-sts-v1-test-180,3.0
boostcamp-sts-v1-test-181,3.1
boostcamp-sts-v1-test-182,2.5
boostcamp-sts-v1-test-183,1.0
boostcamp-sts-v1-test-184,2.4
boostcamp-sts-v1-test-185,4.1
boostcamp-sts-v1-test-186,2.6
boostcamp-sts-v1-test-187,3.2
boostcamp-sts-v1-test-188,-0.1
boostcamp-sts-v1-test-189,3.8
boostcamp-sts-v1-test-190,2.1
boostcamp-sts-v1-test-191,1.2
boostcamp-sts-v1-test-192,0.9
boostcamp-sts-v1-test-193,1.8
boostcamp-sts-v1-test-194,1.9
boostcamp-sts-v1-test-195,1.4
boostcamp-sts-v1-test-196,1.7
boostcamp-sts-v1-test-197,4.1
boostcamp-sts-v1-test-198,4.0
boostcamp-sts-v1-test-199,0.7
boostcamp-sts-v1-test-200,3.7
boostcamp-sts-v1-test-201,3.3
boostcamp-sts-v1-test-202,4.6
boostcamp-sts-v1-test-203,0.4
boostcamp-sts-v1-test-204,2.3
boostcamp-sts-v1-test-205,1.9
boostcamp-sts-v1-test-206,1.3
boostcamp-sts-v1-test-207,2.6
boostcamp-sts-v1-test-208,0.8
boostcamp-sts-v1-test-209,3.9
boostcamp-sts-v1-test-210,2.2
boostcamp-sts-v1-test-211,2.1
boostcamp-sts-v1-test-212,1.4
boostcamp-sts-v1-test-213,0.7
boostcamp-sts-v1-test-214,4.3
boostcamp-sts-v1-test-215,3.8
boostcamp-sts-v1-test-216,3.9
boostcamp-sts-v1-test-217,2.0
boostcamp-sts-v1-test-218,1.3
boostcamp-sts-v1-test-219,0.3
boostcamp-sts-v1-test-220,3.7
boostcamp-sts-v1-test-221,3.6
boostcamp-sts-v1-test-222,3.3
boostcamp-sts-v1-test-223,2.9
boostcamp-sts-v1-test-224,4.4
boostcamp-sts-v1-test-225,4.1
boostcamp-sts-v1-test-226,4.1
boostcamp-sts-v1-test-227,3.7
boostcamp-sts-v1-test-228,2.4
boostcamp-sts-v1-test-229,0.6
boostcamp-sts-v1-test-230,2.0
boostcamp-sts-v1-test-231,1.7
boostcamp-sts-v1-test-232,4.0
boostcamp-sts-v1-test-233,1.1
boostcamp-sts-v1-test-234,-0.1
boostcamp-sts-v1-test-235,2.5
boostcamp-sts-v1-test-236,2.3
boostcamp-sts-v1-test-237,1.8
boostcamp-sts-v1-test-238,1.0
boostcamp-sts-v1-test-239,2.2
boostcamp-sts-v1-test-240,1.9
boostcamp-sts-v1-test-241,1.2
boostcamp-sts-v1-test-242,0.7
boostcamp-sts-v1-test-243,5.2
boostcamp-sts-v1-test-244,1.6
boostcamp-sts-v1-test-245,4.2
boostcamp-sts-v1-test-246,2.5
boostcamp-sts-v1-test-247,4.3
boostcamp-sts-v1-test-248,4.2
boostcamp-sts-v1-test-249,4.3
boostcamp-sts-v1-test-250,0.8
boostcamp-sts-v1-test-251,1.1
boostcamp-sts-v1-test-252,-0.0
boostcamp-sts-v1-test-253,3.6
boostcamp-sts-v1-test-254,2.9
boostcamp-sts-v1-test-255,5.3
boostcamp-sts-v1-test-256,2.9
boostcamp-sts-v1-test-257,1.8
boostcamp-sts-v1-test-258,4.4
boostcamp-sts-v1-test-259,2.7
boostcamp-sts-v1-test-260,4.3
boostcamp-sts-v1-test-261,4.5
boostcamp-sts-v1-test-262,4.6
boostcamp-sts-v1-test-263,4.6
boostcamp-sts-v1-test-264,5.2
boostcamp-sts-v1-test-265,3.6
boostcamp-sts-v1-test-266,4.5
boostcamp-sts-v1-test-267,2.5
boostcamp-sts-v1-test-268,1.0
boostcamp-sts-v1-test-269,-0.1
boostcamp-sts-v1-test-270,4.6
boostcamp-sts-v1-test-271,1.9
boostcamp-sts-v1-test-272,2.4
boostcamp-sts-v1-test-273,5.0
boostcamp-sts-v1-test-274,4.1
boostcamp-sts-v1-test-275,3.7
boostcamp-sts-v1-test-276,2.5
boostcamp-sts-v1-test-277,2.4
boostcamp-sts-v1-test-278,2.7
boostcamp-sts-v1-test-279,4.6
boostcamp-sts-v1-test-280,0.8
boostcamp-sts-v1-test-281,4.3
boostcamp-sts-v1-test-282,4.6
boostcamp-sts-v1-test-283,0.4
boostcamp-sts-v1-test-284,3.9
boostcamp-sts-v1-test-285,2.2
boostcamp-sts-v1-test-286,0.5
boostcamp-sts-v1-test-287,4.0
boostcamp-sts-v1-test-288,0.1
boostcamp-sts-v1-test-289,-0.1
boostcamp-sts-v1-test-290,0.8
boostcamp-sts-v1-test-291,0.5
boostcamp-sts-v1-test-292,3.9
boostcamp-sts-v1-test-293,3.5
boostcamp-sts-v1-test-294,2.0
boostcamp-sts-v1-test-295,3.4
boostcamp-sts-v1-test-296,3.1
boostcamp-sts-v1-test-297,0.0
boostcamp-sts-v1-test-298,5.3
boostcamp-sts-v1-test-299,0.8
boostcamp-sts-v1-test-300,5.2
boostcamp-sts-v1-test-301,2.3
boostcamp-sts-v1-test-302,1.1
boostcamp-sts-v1-test-303,3.5
boostcamp-sts-v1-test-304,3.7
boostcamp-sts-v1-test-305,2.3
boostcamp-sts-v1-test-306,2.3
boostcamp-sts-v1-test-307,5.0
boostcamp-sts-v1-test-308,1.1
boostcamp-sts-v1-test-309,0.9
boostcamp-sts-v1-test-310,4.2
boostcamp-sts-v1-test-311,2.7
boostcamp-sts-v1-test-312,0.5
boostcamp-sts-v1-test-313,5.1
boostcamp-sts-v1-test-314,2.0
boostcamp-sts-v1-test-315,3.4
boostcamp-sts-v1-test-316,4.2
boostcamp-sts-v1-test-317,1.3
boostcamp-sts-v1-test-318,5.1
boostcamp-sts-v1-test-319,1.3
boostcamp-sts-v1-test-320,0.9
boostcamp-sts-v1-test-321,1.3
boostcamp-sts-v1-test-322,4.5
boostcamp-sts-v1-test-323,1.0
boostcamp-sts-v1-test-324,1.4
boostcamp-sts-v1-test-325,4.4
boostcamp-sts-v1-test-326,4.2
boostcamp-sts-v1-test-327,1.5
boostcamp-sts-v1-test-328,1.9
boostcamp-sts-v1-test-329,0.8
boostcamp-sts-v1-test-330,1.4
boostcamp-sts-v1-test-331,3.7
boostcamp-sts-v1-test-332,4.1
boostcamp-sts-v1-test-333,5.2
boostcamp-sts-v1-test-334,0.7
boostcamp-sts-v1-test-335,4.2
boostcamp-sts-v1-test-336,4.0
boostcamp-sts-v1-test-337,1.9
boostcamp-sts-v1-test-338,3.9
boostcamp-sts-v1-test-339,2.6
boostcamp-sts-v1-test-340,2.2
boostcamp-sts-v1-test-341,5.1
boostcamp-sts-v1-test-342,3.3
boostcamp-sts-v1-test-343,2.5
boostcamp-sts-v1-test-344,5.2
boostcamp-sts-v1-test-345,3.4
boostcamp-sts-v1-test-346,2.0
boostcamp-sts-v1-test-347,3.2
boostcamp-sts-v1-test-348,2.7
boostcamp-sts-v1-test-349,1.5
boostcamp-sts-v1-test-350,4.5
boostcamp-sts-v1-test-351,3.6
boostcamp-sts-v1-test-352,2.7
boostcamp-sts-v1-test-353,1.3
boostcamp-sts-v1-test-354,0.2
boostcamp-sts-v1-test-355,2.4
boostcamp-sts-v1-test-356,3.6
boostcamp-sts-v1-test-357,0.7
boostcamp-sts-v1-test-358,3.0
boostcamp-sts-v1-test-359,4.2
boostcamp-sts-v1-test-360,4.0
boostcamp-sts-v1-test-361,1.9
boostcamp-sts-v1-test-362,3.0
boostcamp-sts-v1-test-363,-0.0
boostcamp-sts-v1-test-364,2.6
boostcamp-sts-v1-test-365,5.1
boostcamp-sts-v1-test-366,2.6
boostcamp-sts-v1-test-367,1.0
boostcamp-sts-v1-test-368,0.9
boostcamp-sts-v1-test-369,1.0
boostcamp-sts-v1-test-370,1.2
boostcamp-sts-v1-test-371,4.2
boostcamp-sts-v1-test-372,3.2
boostcamp-sts-v1-test-373,0.2
boostcamp-sts-v1-test-374,0.6
boostcamp-sts-v1-test-375,4.4
boostcamp-sts-v1-test-376,2.3
boostcamp-sts-v1-test-377,3.3
boostcamp-sts-v1-test-378,5.2
boostcamp-sts-v1-test-379,5.0
boostcamp-sts-v1-test-380,1.6
boostcamp-sts-v1-test-381,0.3
boostcamp-sts-v1-test-382,3.4
boostcamp-sts-v1-test-383,2.3
boostcamp-sts-v1-test-384,1.8
boostcamp-sts-v1-test-385,1.7
boostcamp-sts-v1-test-386,3.7
boostcamp-sts-v1-test-387,1.6
boostcamp-sts-v1-test-388,1.7
boostcamp-sts-v1-test-389,1.7
boostcamp-sts-v1-test-390,3.8
boostcamp-sts-v1-test-391,2.4
boostcamp-sts-v1-test-392,0.4
boostcamp-sts-v1-test-393,4.9
boostcamp-sts-v1-test-394,3.9
boostcamp-sts-v1-test-395,3.8
boostcamp-sts-v1-test-396,0.6
boostcamp-sts-v1-test-397,4.0
boostcamp-sts-v1-test-398,1.2
boostcamp-sts-v1-test-399,0.4
boostcamp-sts-v1-test-400,2.6
boostcamp-sts-v1-test-401,0.9
boostcamp-sts-v1-test-402,1.7
boostcamp-sts-v1-test-403,4.9
boostcamp-sts-v1-test-404,5.3
boostcamp-sts-v1-test-405,1.4
boostcamp-sts-v1-test-406,4.3
boostcamp-sts-v1-test-407,1.5
boostcamp-sts-v1-test-408,4.0
boostcamp-sts-v1-test-409,4.9
boostcamp-sts-v1-test-410,2.1
boostcamp-sts-v1-test-411,1.4
boostcamp-sts-v1-test-412,0.7
boostcamp-sts-v1-test-413,4.4
boostcamp-sts-v1-test-414,3.9
boostcamp-sts-v1-test-415,0.8
boostcamp-sts-v1-test-416,2.9
boostcamp-sts-v1-test-417,3.4
boostcamp-sts-v1-test-418,5.2
boostcamp-sts-v1-test-419,2.1
boostcamp-sts-v1-test-420,4.0
boostcamp-sts-v1-test-421,3.2
boostcamp-sts-v1-test-422,3.5
boostcamp-sts-v1-test-423,3.9
boostcamp-sts-v1-test-424,2.4
boostcamp-sts-v1-test-425,1.8
boostcamp-sts-v1-test-426,2.8
boostcamp-sts-v1-test-427,4.9
boostcamp-sts-v1-test-428,3.7
boostcamp-sts-v1-test-429,2.7
boostcamp-sts-v1-test-430,0.3
boostcamp-sts-v1-test-431,1.6
boostcamp-sts-v1-test-432,2.7
boostcamp-sts-v1-test-433,1.0
boostcamp-sts-v1-test-434,0.2
boostcamp-sts-v1-test-435,2.5
boostcamp-sts-v1-test-436,2.4
boostcamp-sts-v1-test-437,1.9
boostcamp-sts-v1-test-438,3.0
boostcamp-sts-v1-test-439,3.0
boostcamp-sts-v1-test-440,0.8
boostcamp-sts-v1-test-441,2.5
boostcamp-sts-v1-test-442,1.3
boostcamp-sts-v1-test-443,3.7
boostcamp-sts-v1-test-444,3.4
boostcamp-sts-v1-test-445,2.0
boostcamp-sts-v1-test-446,3.8
boostcamp-sts-v1-test-447,2.4
boostcamp-sts-v1-test-448,4.4
boostcamp-sts-v1-test-449,3.9
boostcamp-sts-v1-test-450,3.9
boostcamp-sts-v1-test-451,0.9
boostcamp-sts-v1-test-452,3.5
boostcamp-sts-v1-test-453,1.5
boostcamp-sts-v1-test-454,2.3
boostcamp-sts-v1-test-455,2.3
boostcamp-sts-v1-test-456,0.7
boostcamp-sts-v1-test-457,2.2
boostcamp-sts-v1-test-458,1.4
boostcamp-sts-v1-test-459,2.1
boostcamp-sts-v1-test-460,-0.0
boostcamp-sts-v1-test-461,4.4
boostcamp-sts-v1-test-462,4.6
boostcamp-sts-v1-test-463,3.4
boostcamp-sts-v1-test-464,1.2
boostcamp-sts-v1-test-465,0.0
boostcamp-sts-v1-test-466,2.4
boostcamp-sts-v1-test-467,2.6
boostcamp-sts-v1-test-468,2.5
boostcamp-sts-v1-test-469,2.0
boostcamp-sts-v1-test-470,2.9
boostcamp-sts-v1-test-471,1.7
boostcamp-sts-v1-test-472,3.8
boostcamp-sts-v1-test-473,1.9
boostcamp-sts-v1-test-474,3.1
boostcamp-sts-v1-test-475,0.0
boostcamp-sts-v1-test-476,4.0
boostcamp-sts-v1-test-477,2.0
boostcamp-sts-v1-test-478,2.6
boostcamp-sts-v1-test-479,1.3
boostcamp-sts-v1-test-480,4.5
boostcamp-sts-v1-test-481,1.2
boostcamp-sts-v1-test-482,5.2
boostcamp-sts-v1-test-483,4.5
boostcamp-sts-v1-test-484,2.7
boostcamp-sts-v1-test-485,2.5
boostcamp-sts-v1-test-486,1.6
boostcamp-sts-v1-test-487,3.8
boostcamp-sts-v1-test-488,0.2
boostcamp-sts-v1-test-489,1.1
boostcamp-sts-v1-test-490,3.9
boostcamp-sts-v1-test-491,2.2
boostcamp-sts-v1-test-492,3.2
boostcamp-sts-v1-test-493,0.2
boostcamp-sts-v1-test-494,3.9
boostcamp-sts-v1-test-495,0.1
boostcamp-sts-v1-test-496,5.3
boostcamp-sts-v1-test-497,5.2
boostcamp-sts-v1-test-498,3.8
boostcamp-sts-v1-test-499,2.5
boostcamp-sts-v1-test-500,0.3
boostcamp-sts-v1-test-501,5.0
boostcamp-sts-v1-test-502,3.9
boostcamp-sts-v1-test-503,2.9
boostcamp-sts-v1-test-504,4.9
boostcamp-sts-v1-test-505,1.2
boostcamp-sts-v1-test-506,1.2
boostcamp-sts-v1-test-507,0.8
boostcamp-sts-v1-test-508,0.8
boostcamp-sts-v1-test-509,4.2
boostcamp-sts-v1-test-510,1.5
boostcamp-sts-v1-test-511,0.9
boostcamp-sts-v1-test-512,0.0
boostcamp-sts-v1-test-513,2.4
boostcamp-sts-v1-test-514,0.8
boostcamp-sts-v1-test-515,0.8
boostcamp-sts-v1-test-516,1.3
boostcamp-sts-v1-test-517,2.0
boostcamp-sts-v1-test-518,5.1
boostcamp-sts-v1-test-519,0.5
boostcamp-sts-v1-test-520,0.6
boostcamp-sts-v1-test-521,2.8
boostcamp-sts-v1-test-522,1.6
boostcamp-sts-v1-test-523,2.8
boostcamp-sts-v1-test-524,1.7
boostcamp-sts-v1-test-525,3.6
boostcamp-sts-v1-test-526,1.1
boostcamp-sts-v1-test-527,0.6
boostcamp-sts-v1-test-528,1.5
boostcamp-sts-v1-test-529,4.4
boostcamp-sts-v1-test-530,5.2
boostcamp-sts-v1-test-531,1.2
boostcamp-sts-v1-test-532,0.2
boostcamp-sts-v1-test-533,1.1
boostcamp-sts-v1-test-534,1.4
boostcamp-sts-v1-test-535,4.6
boostcamp-sts-v1-test-536,4.1
boostcamp-sts-v1-test-537,0.4
boostcamp-sts-v1-test-538,2.0
boostcamp-sts-v1-test-539,0.8
boostcamp-sts-v1-test-540,1.6
boostcamp-sts-v1-test-541,4.4
boostcamp-sts-v1-test-542,2.8
boostcamp-sts-v1-test-543,1.2
boostcamp-sts-v1-test-544,2.3
boostcamp-sts-v1-test-545,2.1
boostcamp-sts-v1-test-546,5.1
boostcamp-sts-v1-test-547,5.2
boostcamp-sts-v1-test-548,3.3
boostcamp-sts-v1-test-549,2.4
boostcamp-sts-v1-test-550,1.1
boostcamp-sts-v1-test-551,0.4
boostcamp-sts-v1-test-552,3.2
boostcamp-sts-v1-test-553,3.4
boostcamp-sts-v1-test-554,5.2
boostcamp-sts-v1-test-555,4.2
boostcamp-sts-v1-test-556,2.0
boostcamp-sts-v1-test-557,1.5
boostcamp-sts-v1-test-558,2.5
boostcamp-sts-v1-test-559,1.8
boostcamp-sts-v1-test-560,4.2
boostcamp-sts-v1-test-561,4.4
boostcamp-sts-v1-test-562,1.1
boostcamp-sts-v1-test-563,2.6
boostcamp-sts-v1-test-564,1.1
boostcamp-sts-v1-test-565,4.1
boostcamp-sts-v1-test-566,2.9
boostcamp-sts-v1-test-567,3.9
boostcamp-sts-v1-test-568,4.2
boostcamp-sts-v1-test-569,4.8
boostcamp-sts-v1-test-570,1.7
boostcamp-sts-v1-test-571,2.1
boostcamp-sts-v1-test-572,3.6
boostcamp-sts-v1-test-573,3.0
boostcamp-sts-v1-test-574,2.0
boostcamp-sts-v1-test-575,4.1
boostcamp-sts-v1-test-576,4.0
boostcamp-sts-v1-test-577,0.2
boostcamp-sts-v1-test-578,0.7
boostcamp-sts-v1-test-579,2.9
boostcamp-sts-v1-test-580,3.7
boostcamp-sts-v1-test-581,0.2
boostcamp-sts-v1-test-582,0.6
boostcamp-sts-v1-test-583,4.5
boostcamp-sts-v1-test-584,0.1
boostcamp-sts-v1-test-585,4.1
boostcamp-sts-v1-test-586,3.1
boostcamp-sts-v1-test-587,0.3
boostcamp-sts-v1-test-588,4.2
boostcamp-sts-v1-test-589,0.6
boostcamp-sts-v1-test-590,3.1
boostcamp-sts-v1-test-591,3.6
boostcamp-sts-v1-test-592,2.6
boostcamp-sts-v1-test-593,4.3
boostcamp-sts-v1-test-594,3.7
boostcamp-sts-v1-test-595,1.1
boostcamp-sts-v1-test-596,4.4
boostcamp-sts-v1-test-597,3.7
boostcamp-sts-v1-test-598,3.0
boostcamp-sts-v1-test-599,2.8
boostcamp-sts-v1-test-600,2.3
boostcamp-sts-v1-test-601,4.3
boostcamp-sts-v1-test-602,4.4
boostcamp-sts-v1-test-603,3.5
boostcamp-sts-v1-test-604,4.3
boostcamp-sts-v1-test-605,0.0
boostcamp-sts-v1-test-606,2.4
boostcamp-sts-v1-test-607,2.7
boostcamp-sts-v1-test-608,0.3
boostcamp-sts-v1-test-609,1.5
boostcamp-sts-v1-test-610,3.9
boostcamp-sts-v1-test-611,4.2
boostcamp-sts-v1-test-612,4.0
boostcamp-sts-v1-test-613,0.6
boostcamp-sts-v1-test-614,1.0
boostcamp-sts-v1-test-615,3.8
boostcamp-sts-v1-test-616,2.2
boostcamp-sts-v1-test-617,3.3
boostcamp-sts-v1-test-618,3.6
boostcamp-sts-v1-test-619,1.4
boostcamp-sts-v1-test-620,2.1
boostcamp-sts-v1-test-621,2.4
boostcamp-sts-v1-test-622,1.8
boostcamp-sts-v1-test-623,4.0
boostcamp-sts-v1-test-624,4.4
boostcamp-sts-v1-test-625,0.5
boostcamp-sts-v1-test-626,3.9
boostcamp-sts-v1-test-627,4.8
boostcamp-sts-v1-test-628,2.8
boostcamp-sts-v1-test-629,0.5
boostcamp-sts-v1-test-630,0.7
boostcamp-sts-v1-test-631,1.1
boostcamp-sts-v1-test-632,1.1
boostcamp-sts-v1-test-633,3.7
boostcamp-sts-v1-test-634,0.3
boostcamp-sts-v1-test-635,1.5
boostcamp-sts-v1-test-636,2.7
boostcamp-sts-v1-test-637,0.2
boostcamp-sts-v1-test-638,4.6
boostcamp-sts-v1-test-639,4.6
boostcamp-sts-v1-test-640,2.2
boostcamp-sts-v1-test-641,4.3
boostcamp-sts-v1-test-642,0.7
boostcamp-sts-v1-test-643,2.9
boostcamp-sts-v1-test-644,2.4
boostcamp-sts-v1-test-645,0.1
boostcamp-sts-v1-test-646,4.4
boostcamp-sts-v1-test-647,2.4
boostcamp-sts-v1-test-648,0.7
boostcamp-sts-v1-test-649,2.2
boostcamp-sts-v1-test-650,3.8
boostcamp-sts-v1-test-651,2.3
boostcamp-sts-v1-test-652,4.4
boostcamp-sts-v1-test-653,0.7
boostcamp-sts-v1-test-654,2.2
boostcamp-sts-v1-test-655,1.1
boostcamp-sts-v1-test-656,5.2
boostcamp-sts-v1-test-657,0.5
boostcamp-sts-v1-test-658,1.5
boostcamp-sts-v1-test-659,4.6
boostcamp-sts-v1-test-660,4.2
boostcamp-sts-v1-test-661,0.0
boostcamp-sts-v1-test-662,3.2
boostcamp-sts-v1-test-663,3.3
boostcamp-sts-v1-test-664,1.3
boostcamp-sts-v1-test-665,1.1
boostcamp-sts-v1-test-666,1.4
boostcamp-sts-v1-test-667,3.1
boostcamp-sts-v1-test-668,2.2
boostcamp-sts-v1-test-669,5.2
boostcamp-sts-v1-test-670,2.3
boostcamp-sts-v1-test-671,4.1
boostcamp-sts-v1-test-672,2.7
boostcamp-sts-v1-test-673,5.2
boostcamp-sts-v1-test-674,2.1
boostcamp-sts-v1-test-675,3.9
boostcamp-sts-v1-test-676,2.6
boostcamp-sts-v1-test-677,2.3
boostcamp-sts-v1-test-678,4.5
boostcamp-sts-v1-test-679,4.0
boostcamp-sts-v1-test-680,1.0
boostcamp-sts-v1-test-681,1.5
boostcamp-sts-v1-test-682,1.9
boostcamp-sts-v1-test-683,3.9
boostcamp-sts-v1-test-684,3.2
boostcamp-sts-v1-test-685,3.5
boostcamp-sts-v1-test-686,4.4
boostcamp-sts-v1-test-687,4.1
boostcamp-sts-v1-test-688,4.7
boostcamp-sts-v1-test-689,1.3
boostcamp-sts-v1-test-690,3.9
boostcamp-sts-v1-test-691,3.9
boostcamp-sts-v1-test-692,0.2
boostcamp-sts-v1-test-693,5.1
boostcamp-sts-v1-test-694,2.7
boostcamp-sts-v1-test-695,3.9
boostcamp-sts-v1-test-696,1.8
boostcamp-sts-v1-test-697,4.0
boostcamp-sts-v1-test-698,4.4
boostcamp-sts-v1-test-699,0.3
boostcamp-sts-v1-test-700,4.7
boostcamp-sts-v1-test-701,0.1
boostcamp-sts-v1-test-702,2.9
boostcamp-sts-v1-test-703,2.1
boostcamp-sts-v1-test-704,1.8
boostcamp-sts-v1-test-705,3.4
boostcamp-sts-v1-test-706,2.4
boostcamp-sts-v1-test-707,3.3
boostcamp-sts-v1-test-708,3.4
boostcamp-sts-v1-test-709,4.5
boostcamp-sts-v1-test-710,0.4
boostcamp-sts-v1-test-711,1.5
boostcamp-sts-v1-test-712,5.2
boostcamp-sts-v1-test-713,3.0
boostcamp-sts-v1-test-714,3.2
boostcamp-sts-v1-test-715,-0.0
boostcamp-sts-v1-test-716,3.2
boostcamp-sts-v1-test-717,4.6
boostcamp-sts-v1-test-718,1.6
boostcamp-sts-v1-test-719,5.2
boostcamp-sts-v1-test-720,4.2
boostcamp-sts-v1-test-721,4.7
boostcamp-sts-v1-test-722,0.1
boostcamp-sts-v1-test-723,-0.0
boostcamp-sts-v1-test-724,0.3
boostcamp-sts-v1-test-725,1.6
boostcamp-sts-v1-test-726,1.5
boostcamp-sts-v1-test-727,4.1
boostcamp-sts-v1-test-728,4.0
boostcamp-sts-v1-test-729,5.2
boostcamp-sts-v1-test-730,2.8
boostcamp-sts-v1-test-731,1.6
boostcamp-sts-v1-test-732,1.9
boostcamp-sts-v1-test-733,3.7
boostcamp-sts-v1-test-734,2.2
boostcamp-sts-v1-test-735,4.0
boostcamp-sts-v1-test-736,1.9
boostcamp-sts-v1-test-737,4.2
boostcamp-sts-v1-test-738,2.3
boostcamp-sts-v1-test-739,2.7
boostcamp-sts-v1-test-740,2.2
boostcamp-sts-v1-test-741,2.1
boostcamp-sts-v1-test-742,2.8
boostcamp-sts-v1-test-743,4.9
boostcamp-sts-v1-test-744,3.6
boostcamp-sts-v1-test-745,3.1
boostcamp-sts-v1-test-746,3.1
boostcamp-sts-v1-test-747,2.1
boostcamp-sts-v1-test-748,3.3
boostcamp-sts-v1-test-749,1.7
boostcamp-sts-v1-test-750,3.8
boostcamp-sts-v1-test-751,4.2
boostcamp-sts-v1-test-752,0.0
boostcamp-sts-v1-test-753,1.3
boostcamp-sts-v1-test-754,1.1
boostcamp-sts-v1-test-755,2.3
boostcamp-sts-v1-test-756,4.0
boostcamp-sts-v1-test-757,1.6
boostcamp-sts-v1-test-758,2.8
boostcamp-sts-v1-test-759,0.9
boostcamp-sts-v1-test-760,4.1
boostcamp-sts-v1-test-761,1.2
boostcamp-sts-v1-test-762,3.6
boostcamp-sts-v1-test-763,5.2
boostcamp-sts-v1-test-764,4.1
boostcamp-sts-v1-test-765,0.4
boostcamp-sts-v1-test-766,2.0
boostcamp-sts-v1-test-767,3.7
boostcamp-sts-v1-test-768,5.1
boostcamp-sts-v1-test-769,2.0
boostcamp-sts-v1-test-770,4.4
boostcamp-sts-v1-test-771,2.0
boostcamp-sts-v1-test-772,0.4
boostcamp-sts-v1-test-773,2.2
boostcamp-sts-v1-test-774,0.3
boostcamp-sts-v1-test-775,3.5
boostcamp-sts-v1-test-776,4.2
boostcamp-sts-v1-test-777,2.8
boostcamp-sts-v1-test-778,2.2
boostcamp-sts-v1-test-779,0.9
boostcamp-sts-v1-test-780,1.2
boostcamp-sts-v1-test-781,3.7
boostcamp-sts-v1-test-782,1.8
boostcamp-sts-v1-test-783,1.9
boostcamp-sts-v1-test-784,4.9
boostcamp-sts-v1-test-785,3.0
boostcamp-sts-v1-test-786,2.5
boostcamp-sts-v1-test-787,3.7
boostcamp-sts-v1-test-788,2.2
boostcamp-sts-v1-test-789,0.1
boostcamp-sts-v1-test-790,2.9
boostcamp-sts-v1-test-791,3.2
boostcamp-sts-v1-test-792,2.1
boostcamp-sts-v1-test-793,0.3
boostcamp-sts-v1-test-794,2.6
boostcamp-sts-v1-test-795,5.2
boostcamp-sts-v1-test-796,2.4
boostcamp-sts-v1-test-797,3.6
boostcamp-sts-v1-test-798,0.5
boostcamp-sts-v1-test-799,3.1
boostcamp-sts-v1-test-800,0.1
boostcamp-sts-v1-test-801,2.5
boostcamp-sts-v1-test-802,3.3
boostcamp-sts-v1-test-803,2.1
boostcamp-sts-v1-test-804,3.1
boostcamp-sts-v1-test-805,0.1
boostcamp-sts-v1-test-806,1.3
boostcamp-sts-v1-test-807,2.9
boostcamp-sts-v1-test-808,3.6
boostcamp-sts-v1-test-809,3.8
boostcamp-sts-v1-test-810,3.6
boostcamp-sts-v1-test-811,4.1
boostcamp-sts-v1-test-812,1.8
boostcamp-sts-v1-test-813,3.7
boostcamp-sts-v1-test-814,2.0
boostcamp-sts-v1-test-815,1.4
boostcamp-sts-v1-test-816,2.0
boostcamp-sts-v1-test-817,2.1
boostcamp-sts-v1-test-818,4.0
boostcamp-sts-v1-test-819,4.3
boostcamp-sts-v1-test-820,1.0
boostcamp-sts-v1-test-821,1.5
boostcamp-sts-v1-test-822,2.2
boostcamp-sts-v1-test-823,2.9
boostcamp-sts-v1-test-824,0.7
boostcamp-sts-v1-test-825,1.3
boostcamp-sts-v1-test-826,3.7
boostcamp-sts-v1-test-827,5.0
boostcamp-sts-v1-test-828,2.9
boostcamp-sts-v1-test-829,3.2
boostcamp-sts-v1-test-830,1.2
boostcamp-sts-v1-test-831,1.0
boostcamp-sts-v1-test-832,3.3
boostcamp-sts-v1-test-833,1.3
boostcamp-sts-v1-test-834,3.0
boostcamp-sts-v1-test-835,2.7
boostcamp-sts-v1-test-836,4.6
boostcamp-sts-v1-test-837,3.7
boostcamp-sts-v1-test-838,4.0
boostcamp-sts-v1-test-839,0.5
boostcamp-sts-v1-test-840,2.0
boostcamp-sts-v1-test-841,4.3
boostcamp-sts-v1-test-842,4.1
boostcamp-sts-v1-test-843,4.0
boostcamp-sts-v1-test-844,1.4
boostcamp-sts-v1-test-845,3.8
boostcamp-sts-v1-test-846,5.1
boostcamp-sts-v1-test-847,4.1
boostcamp-sts-v1-test-848,4.3
boostcamp-sts-v1-test-849,0.6
boostcamp-sts-v1-test-850,1.6
boostcamp-sts-v1-test-851,1.7
boostcamp-sts-v1-test-852,4.0
boostcamp-sts-v1-test-853,0.7
boostcamp-sts-v1-test-854,4.3
boostcamp-sts-v1-test-855,4.1
boostcamp-sts-v1-test-856,2.5
boostcamp-sts-v1-test-857,0.9
boostcamp-sts-v1-test-858,1.2
boostcamp-sts-v1-test-859,1.3
boostcamp-sts-v1-test-860,5.0
boostcamp-sts-v1-test-861,1.2
boostcamp-sts-v1-test-862,3.0
boostcamp-sts-v1-test-863,4.3
boostcamp-sts-v1-test-864,5.0
boostcamp-sts-v1-test-865,3.5
boostcamp-sts-v1-test-866,1.2
boostcamp-sts-v1-test-867,0.2
boostcamp-sts-v1-test-868,3.2
boostcamp-sts-v1-test-869,0.7
boostcamp-sts-v1-test-870,4.4
boostcamp-sts-v1-test-871,4.0
boostcamp-sts-v1-test-872,1.8
boostcamp-sts-v1-test-873,3.3
boostcamp-sts-v1-test-874,2.4
boostcamp-sts-v1-test-875,1.0
boostcamp-sts-v1-test-876,5.2
boostcamp-sts-v1-test-877,1.0
boostcamp-sts-v1-test-878,4.0
boostcamp-sts-v1-test-879,1.3
boostcamp-sts-v1-test-880,4.4
boostcamp-sts-v1-test-881,4.3
boostcamp-sts-v1-test-882,3.9
boostcamp-sts-v1-test-883,3.3
boostcamp-sts-v1-test-884,3.7
boostcamp-sts-v1-test-885,4.0
boostcamp-sts-v1-test-886,2.5
boostcamp-sts-v1-test-887,3.8
boostcamp-sts-v1-test-888,2.4
boostcamp-sts-v1-test-889,5.2
boostcamp-sts-v1-test-890,4.1
boostcamp-sts-v1-test-891,1.9
boostcamp-sts-v1-test-892,2.1
boostcamp-sts-v1-test-893,4.1
boostcamp-sts-v1-test-894,0.6
boostcamp-sts-v1-test-895,3.9
boostcamp-sts-v1-test-896,2.4
boostcamp-sts-v1-test-897,1.3
boostcamp-sts-v1-test-898,0.0
boostcamp-sts-v1-test-899,3.9
boostcamp-sts-v1-test-900,0.7
boostcamp-sts-v1-test-901,1.6
boostcamp-sts-v1-test-902,0.5
boostcamp-sts-v1-test-903,3.7
boostcamp-sts-v1-test-904,1.3
boostcamp-sts-v1-test-905,2.9
boostcamp-sts-v1-test-906,3.7
boostcamp-sts-v1-test-907,0.8
boostcamp-sts-v1-test-908,0.6
boostcamp-sts-v1-test-909,4.0
boostcamp-sts-v1-test-910,4.3
boostcamp-sts-v1-test-911,0.9
boostcamp-sts-v1-test-912,1.7
boostcamp-sts-v1-test-913,3.4
boostcamp-sts-v1-test-914,2.0
boostcamp-sts-v1-test-915,2.8
boostcamp-sts-v1-test-916,3.1
boostcamp-sts-v1-test-917,4.4
boostcamp-sts-v1-test-918,4.7
boostcamp-sts-v1-test-919,4.4
boostcamp-sts-v1-test-920,3.0
boostcamp-sts-v1-test-921,3.9
boostcamp-sts-v1-test-922,3.8
boostcamp-sts-v1-test-923,4.9
boostcamp-sts-v1-test-924,4.8
boostcamp-sts-v1-test-925,1.0
boostcamp-sts-v1-test-926,1.4
boostcamp-sts-v1-test-927,4.7
boostcamp-sts-v1-test-928,4.3
boostcamp-sts-v1-test-929,4.1
boostcamp-sts-v1-test-930,5.1
boostcamp-sts-v1-test-931,3.7
boostcamp-sts-v1-test-932,1.4
boostcamp-sts-v1-test-933,1.8
boostcamp-sts-v1-test-934,3.7
boostcamp-sts-v1-test-935,0.1
boostcamp-sts-v1-test-936,2.8
boostcamp-sts-v1-test-937,4.1
boostcamp-sts-v1-test-938,1.8
boostcamp-sts-v1-test-939,3.7
boostcamp-sts-v1-test-940,4.4
boostcamp-sts-v1-test-941,4.1
boostcamp-sts-v1-test-942,4.1
boostcamp-sts-v1-test-943,1.8
boostcamp-sts-v1-test-944,3.5
boostcamp-sts-v1-test-945,-0.0
boostcamp-sts-v1-test-946,0.8
boostcamp-sts-v1-test-947,1.6
boostcamp-sts-v1-test-948,5.0
boostcamp-sts-v1-test-949,3.2
boostcamp-sts-v1-test-950,3.7
boostcamp-sts-v1-test-951,3.5
boostcamp-sts-v1-test-952,0.7
boostcamp-sts-v1-test-953,4.2
boostcamp-sts-v1-test-954,3.6
boostcamp-sts-v1-test-955,4.4
boostcamp-sts-v1-test-956,1.8
boostcamp-sts-v1-test-957,2.7
boostcamp-sts-v1-test-958,3.7
boostcamp-sts-v1-test-959,1.0
boostcamp-sts-v1-test-960,4.0
boostcamp-sts-v1-test-961,3.5
boostcamp-sts-v1-test-962,3.3
boostcamp-sts-v1-test-963,5.1
boostcamp-sts-v1-test-964,3.9
boostcamp-sts-v1-test-965,3.3
boostcamp-sts-v1-test-966,0.8
boostcamp-sts-v1-test-967,3.5
boostcamp-sts-v1-test-968,3.8
boostcamp-sts-v1-test-969,0.2
boostcamp-sts-v1-test-970,2.8
boostcamp-sts-v1-test-971,1.2
boostcamp-sts-v1-test-972,1.6
boostcamp-sts-v1-test-973,2.9
boostcamp-sts-v1-test-974,3.4
boostcamp-sts-v1-test-975,2.0
boostcamp-sts-v1-test-976,2.4
boostcamp-sts-v1-test-977,3.6
boostcamp-sts-v1-test-978,4.1
boostcamp-sts-v1-test-979,3.8
boostcamp-sts-v1-test-980,2.2
boostcamp-sts-v1-test-981,3.6
boostcamp-sts-v1-test-982,3.8
boostcamp-sts-v1-test-983,1.5
boostcamp-sts-v1-test-984,4.3
boostcamp-sts-v1-test-985,1.4
boostcamp-sts-v1-test-986,1.6
boostcamp-sts-v1-test-987,3.4
boostcamp-sts-v1-test-988,5.1
boostcamp-sts-v1-test-989,3.4
boostcamp-sts-v1-test-990,1.4
boostcamp-sts-v1-test-991,4.9
boostcamp-sts-v1-test-992,4.3
boostcamp-sts-v1-test-993,0.5
boostcamp-sts-v1-test-994,1.9
boostcamp-sts-v1-test-995,0.9
boostcamp-sts-v1-test-996,2.3
boostcamp-sts-v1-test-997,3.7
boostcamp-sts-v1-test-998,2.8
boostcamp-sts-v1-test-999,3.6
boostcamp-sts-v1-test-1000,4.2
boostcamp-sts-v1-test-1001,4.6
boostcamp-sts-v1-test-1002,1.4
boostcamp-sts-v1-test-1003,3.8
boostcamp-sts-v1-test-1004,5.0
boostcamp-sts-v1-test-1005,2.6
boostcamp-sts-v1-test-1006,3.9
boostcamp-sts-v1-test-1007,-0.0
boostcamp-sts-v1-test-1008,2.0
boostcamp-sts-v1-test-1009,1.1
boostcamp-sts-v1-test-1010,0.0
boostcamp-sts-v1-test-1011,4.4
boostcamp-sts-v1-test-1012,1.5
boostcamp-sts-v1-test-1013,2.8
boostcamp-sts-v1-test-1014,3.9
boostcamp-sts-v1-test-1015,3.6
boostcamp-sts-v1-test-1016,3.7
boostcamp-sts-v1-test-1017,4.6
boostcamp-sts-v1-test-1018,0.9
boostcamp-sts-v1-test-1019,2.6
boostcamp-sts-v1-test-1020,3.1
boostcamp-sts-v1-test-1021,0.8
boostcamp-sts-v1-test-1022,0.4
boostcamp-sts-v1-test-1023,3.5
boostcamp-sts-v1-test-1024,4.1
boostcamp-sts-v1-test-1025,4.1
boostcamp-sts-v1-test-1026,1.1
boostcamp-sts-v1-test-1027,4.1
boostcamp-sts-v1-test-1028,1.3
boostcamp-sts-v1-test-1029,5.2
boostcamp-sts-v1-test-1030,1.4
boostcamp-sts-v1-test-1031,5.1
boostcamp-sts-v1-test-1032,2.1
boostcamp-sts-v1-test-1033,5.2
boostcamp-sts-v1-test-1034,3.9
boostcamp-sts-v1-test-1035,1.3
boostcamp-sts-v1-test-1036,2.2
boostcamp-sts-v1-test-1037,0.1
boostcamp-sts-v1-test-1038,3.0
boostcamp-sts-v1-test-1039,4.5
boostcamp-sts-v1-test-1040,3.4
boostcamp-sts-v1-test-1041,0.6
boostcamp-sts-v1-test-1042,4.0
boostcamp-sts-v1-test-1043,3.7
boostcamp-sts-v1-test-1044,3.4
boostcamp-sts-v1-test-1045,3.8
boostcamp-sts-v1-test-1046,4.5
boostcamp-sts-v1-test-1047,3.7
boostcamp-sts-v1-test-1048,0.6
boostcamp-sts-v1-test-1049,1.9
boostcamp-sts-v1-test-1050,5.1
boostcamp-sts-v1-test-1051,4.6
boostcamp-sts-v1-test-1052,0.9
boostcamp-sts-v1-test-1053,0.4
boostcamp-sts-v1-test-1054,1.1
boostcamp-sts-v1-test-1055,4.2
boostcamp-sts-v1-test-1056,4.4
boostcamp-sts-v1-test-1057,0.8
boostcamp-sts-v1-test-1058,1.6
boostcamp-sts-v1-test-1059,4.3
boostcamp-sts-v1-test-1060,5.0
boostcamp-sts-v1-test-1061,1.6
boostcamp-sts-v1-test-1062,5.1
boostcamp-sts-v1-test-1063,3.9
boostcamp-sts-v1-test-1064,0.5
boostcamp-sts-v1-test-1065,1.3
boostcamp-sts-v1-test-1066,1.6
boostcamp-sts-v1-test-1067,4.2
boostcamp-sts-v1-test-1068,3.7
boostcamp-sts-v1-test-1069,1.9
boostcamp-sts-v1-test-1070,4.6
boostcamp-sts-v1-test-1071,0.2
boostcamp-sts-v1-test-1072,5.0
boostcamp-sts-v1-test-1073,2.1
boostcamp-sts-v1-test-1074,3.0
boostcamp-sts-v1-test-1075,2.4
boostcamp-sts-v1-test-1076,3.4
boostcamp-sts-v1-test-1077,-0.0
boostcamp-sts-v1-test-1078,4.0
boostcamp-sts-v1-test-1079,3.1
boostcamp-sts-v1-test-1080,4.2
boostcamp-sts-v1-test-1081,3.1
boostcamp-sts-v1-test-1082,3.9
boostcamp-sts-v1-test-1083,1.6
boostcamp-sts-v1-test-1084,1.0
boostcamp-sts-v1-test-1085,2.7
boostcamp-sts-v1-test-1086,1.5
boostcamp-sts-v1-test-1087,3.8
boostcamp-sts-v1-test-1088,2.9
boostcamp-sts-v1-test-1089,0.9
boostcamp-sts-v1-test-1090,0.3
boostcamp-sts-v1-test-1091,5.0
boostcamp-sts-v1-test-1092,2.9
boostcamp-sts-v1-test-1093,4.9
boostcamp-sts-v1-test-1094,4.4
boostcamp-sts-v1-test-1095,1.5
boostcamp-sts-v1-test-1096,4.1
boostcamp-sts-v1-test-1097,3.3
boostcamp-sts-v1-test-1098,4.1
boostcamp-sts-v1-test-1099,5.0
